T3F6G5o2c9f3E7C4,The Forbes Group of companies for Express Co..
B7C7L7b2S6&1G9,Busines Company Limited by Shares & Guarantee
M9-1H6,Mauritius - Hybrid
et-XXX,Undetermined
M4F10O4,Mail Forwarding Only
S5,Samoa
B3T5,BVI Trust
L10L7,Liquidator Licence
H4K4T5,Hong Kong Trust
S8C7u5I3A3,Standard Company under IBC Act
B8C7R10P8,Business Company Restricted Purposes
P7C7L7B2S6,Private Company Limited By Shares
P6-1F10,Panama - Foundation
P7M6F4,Private Mutual Fund
M6F4A13,Mutual Fund Administrator
S10,Seychelles
B8C7L7b2G9,Business Company Limited by Guarantee
C6S6A7,Client Sundry Account
H4K4,Hong Kong
P11,Partnership
P6-1I3,Panama - IBC
P12M6F4,Professional Mutual Fund
A7,Antigua
S6A7,Sundry Account
T3G3g5o2C9f3e7C3,The GRA group of Companies for express Co.
M9-1I13,Mauritius - International
M9-1O8,Mauritius - Offshore
C323,CAP 285
B3S5T5,BVI Share Trust
T5,Trust
S9T5,Singapore Trust
P7T5C7,Private Trust Company
U2R8,UK Register
M6F4M7,Mutual Fund Manager
A5L7,Audit Licence
H7C7,Holding Company
S8I13C7,Standard International Company
C10I10S6,Collective Investment Scheme
C4I7A5P10T5,Cook Islands Asset Protection Trust
L7L9C7,Limited Liability Company
N7O4E6,Nominee Only Entity
B8C7L7b2S6,Business Company Limited by Shares
D8C7,Domestic Company
B6I13B8C7,Belize International Business Company
C4I7T5,Cook Islands Trust
N5-1L7L9C7,Nevis - Limited Liability Company
B3S6E8(4o3t13,BVI Sundry Entities (one off transactions)
M6F4,Mutual Fund
B7I3,Bahamas IBC
N5C7,Nevis Company
S7/1W8,Seminar / Workshop
S8-1R11,Standard - Redomiciled
S4R13,SHIP REGISTRATIONS
L7P11,Limited Partnership
C4I7A5P10T5-135,Cook Islands Asset Protection Trust - 3520A
