AGO,Angola
LIE,Liechtenstein
EGY,Egypt
BGD,Bangladesh
QAT,Qatar
SOM,Somalia
NAM,Namibia
BGR,Bulgaria
BOL,"Bolivia, Plurinational State of"
GHA,Ghana
PAK,Pakistan
PAN,Panama
JOR,Jordan
LBR,Liberia
LBY,Libya
MYS,Malaysia
PRI,Puerto Rico
SXM,Sint Maarten (Dutch part)
PRK,"Korea, Democratic People's Republic of"
PSE,"Palestine, State of"
TZA,"Tanzania, United Republic of"
PRT,Portugal
KHM,Cambodia
SUR,Suriname
ETH,Ethiopia
PRY,Paraguay
HKG,Hong Kong
SAU,Saudi Arabia
LBN,Lebanon
SVN,Slovenia
BFA,Burkina Faso
CHE,Switzerland
CPV,Cape Verde
HRV,Croatia
CHL,Chile
CHN,China
KNA,Saint Kitts and Nevis
MMR,Myanmar
GIB,Gibraltar
DJI,Djibouti
GIN,Guinea
FIN,Finland
URY,Uruguay
THA,Thailand
SYC,Seychelles
NPL,Nepal
MAR,Morocco
YEM,Yemen
PHL,Philippines
ZAF,South Africa
NIC,Nicaragua
ROU,Romania
VIR,"Virgin Islands, U.S."
SYR,Syrian Arab Republic
MAC,Macao
MAF,Saint Martin (French part)
KAZ,Kazakhstan
MNG,Mongolia
PYF,French Polynesia
NIU,Niue
DMA,Dominica
BEN,Benin
NGA,Nigeria
BEL,Belgium
TGO,Togo
DEU,Germany
GUM,Guam
LKA,Sri Lanka
GBR,United Kingdom
MWI,Malawi
CRI,Costa Rica
CMR,Cameroon
MNP,Northern Mariana Islands
LSO,Lesotho
HUN,Hungary
TKM,Turkmenistan
TTO,Trinidad and Tobago
NLD,Netherlands
BMU,Bermuda
TCD,Chad
GEO,Georgia
MNE,Montenegro
TCA,Turks and Caicos Islands
MHL,Marshall Islands
MTQ,Martinique
BLZ,Belize
NFK,Norfolk Island
VGB,"Virgin Islands, British"
BLR,Belarus
GRD,Grenada
GRC,Greece
AND,Andorra
MOZ,Mozambique
TJK,Tajikistan
HTI,Haiti
MEX,Mexico
ZWE,Zimbabwe
LCA,Saint Lucia
IND,India
IRL,Ireland
BTN,Bhutan
VCT,Saint Vincent and the Grenadines
VNM,Viet Nam
NOR,Norway
CZE,Czech Republic
ATG,Antigua and Barbuda
FJI,Fiji
HND,Honduras
MUS,Mauritius
DOM,Dominican Republic
LUX,Luxembourg
ISR,Israel
SMR,San Marino
PER,Peru
REU,Réunion
IDN,Indonesia
VUT,Vanuatu
GNQ,Equatorial Guinea
COD,"Congo, the Democratic Republic of the"
ISL,Iceland
COK,Cook Islands
NER,Niger
COL,Colombia
BWA,Botswana
NRU,Nauru
MDA,"Moldova, Republic of"
GGY,Guernsey
MDG,Madagascar
ECU,Ecuador
SEN,Senegal
MDV,Maldives
ASM,American Samoa
SRB,Serbia
FRA,France
LTU,Lithuania
RWA,Rwanda
ZMB,Zambia
SWE,Sweden
JEY,Jersey
GTM,Guatemala
DNK,Denmark
IMN,Isle of Man
AUS,Australia
AUT,Austria
VEN,"Venezuela, Bolivarian Republic of"
KEN,Kenya
LAO,Lao People's Democratic Republic
WSM,Samoa
TUR,Turkey
ALB,Albania
OMN,Oman
ITA,Italy
BRN,Brunei Darussalam
TUN,Tunisia
RUS,Russian Federation
BRB,Barbados
BRA,Brazil
CIV,Côte d'Ivoire
CUW,Curaçao
MKD,"Macedonia, the Former Yugoslav Republic of"
USA,United States
IRN,"Iran, Islamic Republic of"
TWN,"Taiwan, Province of China"
UKR,Ukraine
GNB,Guinea-Bissau
SWZ,Swaziland
TON,Tonga
CAN,Canada
GUY,Guyana
KOR,"Korea, Republic of"
AIA,Anguilla
CAF,Central African Republic
SVK,Slovakia
CYP,Cyprus
DZA,Algeria
SGP,Singapore
XXX,Not identified
AZE,Azerbaijan
UZB,Uzbekistan
POL,Poland
KWT,Kuwait
GMB,Gambia
GAB,Gabon
CYM,Cayman Islands
EST,Estonia
ESP,Spain
IRQ,Iraq
SLV,El Salvador
MLI,Mali
LVA,Latvia
MLT,Malta
ABW,Aruba
SLE,Sierra Leone
SDN,Sudan
SLB,Solomon Islands
NZL,New Zealand
MCO,Monaco
BIH,Bosnia and Herzegovina
JPN,Japan
KGZ,Kyrgyzstan
ARM,Armenia
JAM,Jamaica
ARE,United Arab Emirates
ARG,Argentina
BHS,Bahamas
BHR,Bahrain
UGA,Uganda
PNG,Papua New Guinea
CUB,Cuba
