jur-USA,USA,United States Of America
jur-LABUA,LABUA,Labuan
jur-NEV,NEV,Nevada
jur-MALAY,MALAY,Malaysia
jur-HK,HK,Hong Kong
jur-THAIL,THAIL,Thailand
jur-WYO,WYO,Wyoming
jur-BERMU,BERMU,Bermuda
jur-CRI,CRI,Costa Rica
jur-BAH,BAH,Bahamas
jur-CYP,CYP,Cyprus
jur-SAM,SAM,Samoa
jur-SGP,SGP,Singapore
jur-XXX,XXX,Undetermined
jur-RAK,RAK,Ras Al Khaimah
jur-SEY,SEY,Seychelles
jur-BRUN,BRUN,Brunei
jur-IOM,IOM,Isle Of Man
jur-PMA,PMA,Panama
jur-JSY,JSY,Jersey
jur-NIUE,NIUE,Niue
jur-DUBAI,DUBAI,Dubai
jur-IRELD,IRELD,Ireland
jur-VANU,VANU,Vanuatu
jur-NETH,NETH,Netherlands
jur-BLZ,BLZ,Belize
jur-LIBER,LIBER,Liberia
jur-MARSH,MARSH,Marshall Islands
jur-MLT,MLT,Malta
jur-COOK,COOK,Cook Islands
jur-NZL,NZL,New Zealand
jur-CAYMN,CAYMN,Cayman
jur-ANG,ANG,British Anguilla
jur-UY,UY,Uruguay
jur-STLU,STLU,St. Lucia
jur-CHINA,CHINA,China
jur-UK,UK,United Kingdom
jur-MAURI,MAURI,Mauritius
jur-BVI,BVI,British Virgin Islands
